video_id,comment_text,likes,replies,comment_published_at,clean_comment,sentiment_score,sentiment_label,disengagement_keyword_flag
aYm91X8ZTGw,She's billaniore ❤❤,0,0,2026-03-27T11:04:20Z,she s billaniore,0.0,neutral,0
aYm91X8ZTGw,@tseriesoldisgold PLSS DO 8K VERSION OF WEDDING DA SEASON SONG PLSSSS😢😢😢😢,0,0,2026-03-27T11:01:16Z,tseriesoldisgold plss do 8k version of wedding da season song plssss,0.0,neutral,0
aYm91X8ZTGw,The killer movie songs 8k,0,0,2026-03-27T10:18:51Z,the killer movie songs 8k,0.0,neutral,0
aYm91X8ZTGw,89 like and comment,0,0,2026-03-27T06:42:17Z,89 like and comment,0.0,neutral,0
aYm91X8ZTGw,"Special 26 Movie Song Upload 8K❤
Please T-Series🙏",0,0,2026-03-27T06:34:03Z,special 26 movie song upload 8k please t series,0.0,neutral,1
aYm91X8ZTGw,Thanks bhai for uploading,0,0,2026-03-27T06:06:15Z,thanks bhai for uploading,0.0,neutral,1
aYm91X8ZTGw,[Kucch To Hai] Movie Ding Dong Dloe Song 8k Upload Karo Please Sir,0,0,2026-03-27T06:02:07Z,kucch to hai movie ding dong dloe song 8k upload karo please sir,0.0,neutral,1
aYm91X8ZTGw,Kyun ki itna Payer movie song uplode koro,0,0,2026-03-27T05:54:11Z,kyun ki itna payer movie song uplode koro,0.0,neutral,0
aYm91X8ZTGw,Badal movie song uplode karo,0,0,2026-03-27T05:53:48Z,badal movie song uplode karo,-0.5,negative,1
aYm91X8ZTGw,"Tirchi Topi Wale Song Upload 8K🔥❤️
Tridev Movie
Please T-Series🙏",0,0,2026-03-27T05:36:27Z,tirchi topi wale song upload 8k tridev movie please t series,0.0,neutral,1
aYm91X8ZTGw,"Gali Gali Song Upload 8K🔥
Tridev Movie
Please T-Series🙏",0,0,2026-03-27T05:33:51Z,gali gali song upload 8k tridev movie please t series,0.0,neutral,1
aYm91X8ZTGw,Mard Movie Song Upload 8K T-Series❤,0,0,2026-03-27T05:32:29Z,mard movie song upload 8k t series,0.0,neutral,1
aYm91X8ZTGw,Garv Movie Song Upload 8K T-Series❤️,0,0,2026-03-27T05:32:10Z,garv movie song upload 8k t series,0.0,neutral,1
aYm91X8ZTGw,Aakhree Raasta Movie Song Upload 8K T-Series❤,0,0,2026-03-27T05:31:50Z,aakhree raasta movie song upload 8k t series,0.0,neutral,1
aYm91X8ZTGw,Tridev Movie Song 8K Upload T-Series❤,0,0,2026-03-27T05:31:25Z,tridev movie song 8k upload t series,0.0,neutral,1
NKUzWJSLXo8,My Mother Told Me Play Any Old Song I Play This Song And After 1.5 Minutes I Receive Flying Slippers😂😂,0,0,2026-03-27T10:19:37Z,my mother told me play any old song i play this song and after 1 5 minutes i receive flying slippers,0.0,neutral,0
NKUzWJSLXo8,"Thanks For Upload This Song 8K 🔥
Tridev Movie Song❤️",0,0,2026-03-27T05:15:41Z,thanks for upload this song 8k tridev movie song,0.0,neutral,1
NKUzWJSLXo8,Muskan movie all songs upload please 8k 60fps,0,0,2026-03-27T03:52:18Z,muskan movie all songs upload please 8k 60fps,0.0,neutral,1
NKUzWJSLXo8,Jaate ho pardesh piya jaate hi khat likna upload please ..(jina teri gli me),0,0,2026-03-27T03:04:47Z,jaate ho pardesh piya jaate hi khat likna upload please jina teri gli me,0.0,neutral,1
NKUzWJSLXo8,Abhi to mein jawan hon 8k song please,0,0,2026-03-27T02:52:28Z,abhi to mein jawan hon 8k song please,0.0,neutral,0
NKUzWJSLXo8,[Muskaan Movie] Woh Ho Tum Song 8k Upload Karo Please Sir,0,0,2026-03-27T01:58:42Z,muskaan movie woh ho tum song 8k upload karo please sir,0.0,neutral,1
NKUzWJSLXo8,[Muskaan Movie] Woh Ho Tum Song 8k Upload Karo Please Sir,0,0,2026-03-27T01:58:09Z,muskaan movie woh ho tum song 8k upload karo please sir,0.0,neutral,1
NKUzWJSLXo8,[Muskaan Movie] Woh  Ho Tum  Song 8k Upload Karo Please Sir,0,0,2026-03-27T01:56:51Z,muskaan movie woh ho tum song 8k upload karo please sir,0.0,neutral,1
NKUzWJSLXo8,Raat aaunga mai tujhe le jaunga mai ye gana upload,0,0,2026-03-27T01:45:35Z,raat aaunga mai tujhe le jaunga mai ye gana upload,0.0,neutral,1
NKUzWJSLXo8,Alisha magic voice ❤,0,0,2026-03-27T01:21:51Z,alisha magic voice,0.0,neutral,0
NKUzWJSLXo8,[Kucch To Hai Movie] Ding Dong Dloe Song 8k Upload Karo Please Sir,0,0,2026-03-27T00:56:17Z,kucch to hai movie ding dong dloe song 8k upload karo please sir,0.0,neutral,1
NKUzWJSLXo8,[Kucch To Hai Movie] Ding  Dong Dloe Song 8k Upload Karo Please Sir,0,0,2026-03-27T00:55:42Z,kucch to hai movie ding dong dloe song 8k upload karo please sir,0.0,neutral,1
NKUzWJSLXo8,[Kucch To Hai Movie]  Ding Dong Dloe Song 8k Upload Karo Please Sir,0,0,2026-03-27T00:54:16Z,kucch to hai movie ding dong dloe song 8k upload karo please sir,0.0,neutral,1
NKUzWJSLXo8,Sajan Tumse Pyaar Ki Ladai mein Song 8k Upload Karo Please Sir,0,0,2026-03-27T00:53:31Z,sajan tumse pyaar ki ladai mein song 8k upload karo please sir,0.0,neutral,1
NKUzWJSLXo8,Sajan Tumse Pyaar Ki Ladai mein Song 8k Upload Karo Please Sir,0,0,2026-03-27T00:53:07Z,sajan tumse pyaar ki ladai mein song 8k upload karo please sir,0.0,neutral,1
NKUzWJSLXo8,[Sajan Tumse Pyaar Ki Ladai mein Song 8k Upload Karo Please Sir],0,0,2026-03-27T00:52:49Z,sajan tumse pyaar ki ladai mein song 8k upload karo please sir,0.0,neutral,1
NKUzWJSLXo8,[Grav Movie] Hum Tumko Nigahon Mein Song 8k Upload Karo Please Sir,0,0,2026-03-27T00:52:18Z,grav movie hum tumko nigahon mein song 8k upload karo please sir,0.0,neutral,1
NKUzWJSLXo8,[Grav Movie] Hum Tumko Nigahon Mein Song 8k Upload Karo Please Sir,0,0,2026-03-27T00:51:44Z,grav movie hum tumko nigahon mein song 8k upload karo please sir,0.0,neutral,1
NKUzWJSLXo8,[Garg Movie] Hum Tumko Nigahon  Mein Song 8k Upload Karo Please Sir,0,0,2026-03-27T00:51:07Z,garg movie hum tumko nigahon mein song 8k upload karo please sir,0.0,neutral,1
NKUzWJSLXo8,Sajan Tumse Pyaar Ki Ladai mein Song 8k Upload Karo Please Sir,0,0,2026-03-27T00:50:03Z,sajan tumse pyaar ki ladai mein song 8k upload karo please sir,0.0,neutral,1
NKUzWJSLXo8,Sajan Tumse Pyaar ki Ladai mein Song 8k Upload Karo Please Sir,0,0,2026-03-27T00:49:30Z,sajan tumse pyaar ki ladai mein song 8k upload karo please sir,0.0,neutral,1
NKUzWJSLXo8,[Salman Khan] Sajan Tumse Pyaar Ladai mein Song 8k Upload Karo Please Sir,0,0,2026-03-27T00:48:27Z,salman khan sajan tumse pyaar ladai mein song 8k upload karo please sir,0.0,neutral,1
NKUzWJSLXo8,Kucch To Hai Movie Ding Dong Dloe 8k Song Upload Karo Please Sir,0,0,2026-03-27T00:41:38Z,kucch to hai movie ding dong dloe 8k song upload karo please sir,0.0,neutral,1
NKUzWJSLXo8,[Kucch To Hai Movie] Ding Dong Dloe 8k Song Upload Karo Please Sir,0,0,2026-03-27T00:41:08Z,kucch to hai movie ding dong dloe 8k song upload karo please sir,0.0,neutral,1
NKUzWJSLXo8,[Kucch To Hai Movie] Ding Dong Dloe  8k Song Upload Karo Please Sir,0,0,2026-03-27T00:40:10Z,kucch to hai movie ding dong dloe 8k song upload karo please sir,0.0,neutral,1
NKUzWJSLXo8,Ding Dong Dloe Song 8k Song  Upload Karo Please Sir,0,0,2026-03-27T00:37:05Z,ding dong dloe song 8k song upload karo please sir,0.0,neutral,1
NKUzWJSLXo8,doli sajake rakhna 8k all song,0,0,2026-03-26T19:34:49Z,doli sajake rakhna 8k all song,0.0,neutral,0
NKUzWJSLXo8,Tridev me sirf yahi song mila tha 😂,0,0,2026-03-26T16:09:08Z,tridev me sirf yahi song mila tha,0.0,neutral,0
NKUzWJSLXo8,Chal mere bhai movie songs upload please,3,0,2026-03-26T15:58:45Z,chal mere bhai movie songs upload please,0.0,neutral,1
NKUzWJSLXo8,Main teri mohobbat mein pagal,1,0,2026-03-26T14:49:28Z,main teri mohobbat mein pagal,0.0,neutral,0
NKUzWJSLXo8,Kya song dal rahe ho,0,0,2026-03-26T14:47:07Z,kya song dal rahe ho,0.0,neutral,0
NKUzWJSLXo8,Alisha song Dilbar janiya song private upload plzzzz,1,0,2026-03-26T13:56:54Z,alisha song dilbar janiya song private upload plzzzz,0.0,neutral,1
NKUzWJSLXo8,Tirchhi topiwale upload kijiye,1,0,2026-03-26T13:36:21Z,tirchhi topiwale upload kijiye,0.0,neutral,1
NKUzWJSLXo8,Uplode dil deewana na jana kab kho gaya song plz 8k,7,0,2026-03-26T13:34:09Z,uplode dil deewana na jana kab kho gaya song plz 8k,0.0,neutral,0
3zLvxBJbudw,Muskan movie songs upload,0,0,2026-03-27T06:20:28Z,muskan movie songs upload,0.0,neutral,1
3zLvxBJbudw,Aayi milan ki raat movie song aplod karo 4k main,0,0,2026-03-27T03:14:20Z,aayi milan ki raat movie song aplod karo 4k main,0.0,neutral,0
3zLvxBJbudw,Naraaz 1994 movie Song Uplood 4K,0,0,2026-03-27T02:02:04Z,naraaz 1994 movie song uplood 4k,0.0,neutral,0
3zLvxBJbudw,Re-release,0,0,2026-03-26T16:03:59Z,re release,0.0,neutral,0
3zLvxBJbudw,Hawa Hawai in 8K please.🥺,4,1,2026-03-26T11:43:36Z,hawa hawai in 8k please,0.0,neutral,0
3zLvxBJbudw,release the song mehbooba by HIMESH REHSAMMIYA FROM aap ka surror in HD,0,0,2026-03-26T09:13:55Z,release the song mehbooba by himesh rehsammiya from aap ka surror in hd,0.0,neutral,0
3zLvxBJbudw,Beautiful song ❤,0,0,2026-03-26T08:48:03Z,beautiful song,0.0,neutral,0
3zLvxBJbudw,"All time famous movie and song 
Itihaas gawah hai",1,0,2026-03-26T08:11:08Z,all time famous movie and song itihaas gawah hai,0.0,neutral,0
3zLvxBJbudw,H❤❤❤❤,1,0,2026-03-26T08:04:20Z,h,0.0,neutral,0
3zLvxBJbudw,Kya mujhe pyaar hai Rimex video song upload karo jaldi,0,0,2026-03-26T08:04:04Z,kya mujhe pyaar hai rimex video song upload karo jaldi,0.0,neutral,1
3zLvxBJbudw,Arey kya ghatiya gane upload kar rahe ho 😡,0,0,2026-03-26T08:03:27Z,arey kya ghatiya gane upload kar rahe ho,0.0,neutral,1
3zLvxBJbudw,Please Upload Garv Movie Song 8K❤,1,0,2026-03-26T07:02:50Z,please upload garv movie song 8k,0.0,neutral,1
3zLvxBJbudw,Please Upload Mard Movie Song 8K❤,1,0,2026-03-26T07:01:39Z,please upload mard movie song 8k,0.0,neutral,1
3zLvxBJbudw,Please Upload Aakhree Raasta Movie Song 8K❤,1,0,2026-03-26T07:01:08Z,please upload aakhree raasta movie song 8k,0.0,neutral,1
3zLvxBJbudw,"Thanks T-Series 🙏
Ye Song Upload Karne Ke Liye 8K Me❤️",1,0,2026-03-26T06:59:54Z,thanks t series ye song upload karne ke liye 8k me,0.0,neutral,1
3zLvxBJbudw,Aayee milan ki raat 8k quality song upload karo 😊,4,0,2026-03-26T06:53:01Z,aayee milan ki raat 8k quality song upload karo,0.0,neutral,1
3zLvxBJbudw,Chal mere bhai movie songs upload please,0,0,2026-03-26T06:44:30Z,chal mere bhai movie songs upload please,0.0,neutral,1
3zLvxBJbudw,Ek line yesa kya jo nadikhai de bo gayab hai me hajir hu,0,0,2026-03-26T06:30:55Z,ek line yesa kya jo nadikhai de bo gayab hai me hajir hu,0.0,neutral,1
3zLvxBJbudw,Bees saal baad movie song 4k upload please,1,0,2026-03-26T05:43:39Z,bees saal baad movie song 4k upload please,0.0,neutral,1
3zLvxBJbudw,Sajan tumse payar song uplode karo,0,0,2026-03-26T05:43:30Z,sajan tumse payar song uplode karo,0.0,neutral,0
3zLvxBJbudw,Thoda sa pyaar hua hai song uplode karo,2,0,2026-03-26T05:41:47Z,thoda sa pyaar hua hai song uplode karo,0.0,neutral,0
3zLvxBJbudw,Hum tumko niga honge gaan uplode karo,1,0,2026-03-26T05:41:18Z,hum tumko niga honge gaan uplode karo,0.0,neutral,0
3zLvxBJbudw,Tumko na bhool payenge movie song uplode karo,1,0,2026-03-26T05:40:58Z,tumko na bhool payenge movie song uplode karo,0.0,neutral,0
3zLvxBJbudw,Pyar ki ek kahani song uplode koro,0,0,2026-03-26T05:40:40Z,pyar ki ek kahani song uplode koro,0.0,neutral,0
3zLvxBJbudw,Kyun ki itna Payer movie song uplode karo,3,0,2026-03-26T05:40:00Z,kyun ki itna payer movie song uplode karo,0.0,neutral,0
3zLvxBJbudw,Badal movie song uplode karo ❤,1,0,2026-03-26T05:39:24Z,badal movie song uplode karo,-0.5,negative,1
59UZ9grY7v0,Please 8K Tseries 😢🙏🏻,0,0,2026-03-27T10:11:20Z,please 8k tseries,0.0,neutral,0
59UZ9grY7v0,Ooo 😮😮😮😮😮😮,0,0,2026-03-27T09:46:13Z,ooo,0.0,neutral,0
59UZ9grY7v0,Me Miya Hu ✔️makir ✖️ khalifa nhi,0,0,2026-03-27T03:17:03Z,me miya hu makir khalifa nhi,0.0,neutral,0
59UZ9grY7v0,this is not 8K,0,0,2026-03-26T21:20:29Z,this is not 8k,0.0,neutral,0
59UZ9grY7v0,Plz in 8K,0,0,2026-03-26T15:08:29Z,plz in 8k,0.0,neutral,0
59UZ9grY7v0,Better from Salman,0,0,2026-03-26T13:57:37Z,better from salman,0.0,neutral,0
59UZ9grY7v0,Ye 8k mein kyu nahin diya,0,0,2026-03-26T10:33:11Z,ye 8k mein kyu nahin diya,0.0,neutral,0
59UZ9grY7v0,Where is 4k behn ke takeeee,0,0,2026-03-26T06:05:20Z,where is 4k behn ke takeeee,0.0,neutral,0
59UZ9grY7v0,Sar muskan movie ke songs upload kro❤❤❤❤,0,0,2026-03-26T04:49:30Z,sar muskan movie ke songs upload kro,0.0,neutral,1
59UZ9grY7v0,4 k 8 k song upload,0,0,2026-03-26T01:16:59Z,4 k 8 k song upload,0.0,neutral,1
59UZ9grY7v0,90s 8k songs  upload please,0,0,2026-03-25T20:54:05Z,90s 8k songs upload please,0.0,neutral,1
59UZ9grY7v0,Film ke pure song dobara rakho iski Tarah,1,0,2026-03-25T20:27:28Z,film ke pure song dobara rakho iski tarah,0.0,neutral,0
59UZ9grY7v0,Chand samne hai 8k song please,1,0,2026-03-25T19:38:35Z,chand samne hai 8k song please,0.0,neutral,0
59UZ9grY7v0,HD Don't like,0,0,2026-03-25T18:18:50Z,hd don t like,0.0,neutral,0
59UZ9grY7v0,Sona Kikna sona hi,0,0,2026-03-25T17:40:51Z,sona kikna sona hi,0.0,neutral,0
59UZ9grY7v0,Bhai next song maria maria ❤,0,0,2026-03-25T17:30:00Z,bhai next song maria maria,0.0,neutral,0
59UZ9grY7v0,8k me plz all song this movie,0,0,2026-03-25T17:23:28Z,8k me plz all song this movie,0.0,neutral,0
59UZ9grY7v0,Udit ji and Alka didi ❤❤..,0,0,2026-03-25T17:16:20Z,udit ji and alka didi,0.0,neutral,0
59UZ9grY7v0,Superb Govinda sir,0,0,2026-03-25T17:05:18Z,superb govinda sir,0.0,neutral,0
59UZ9grY7v0,8k upload karega please❤️❤️❤️,0,0,2026-03-25T16:38:10Z,8k upload karega please,0.0,neutral,1
59UZ9grY7v0,Tujhe bhula diya please,0,0,2026-03-25T16:24:43Z,tujhe bhula diya please,0.0,neutral,0
59UZ9grY7v0,This video song 8k uploaded,0,0,2026-03-25T15:42:29Z,this video song 8k uploaded,0.0,neutral,1
59UZ9grY7v0,90s 8k songs  upload please,1,0,2026-03-25T15:17:41Z,90s 8k songs upload please,0.0,neutral,1
59UZ9grY7v0,8k update karo,0,0,2026-03-25T15:01:57Z,8k update karo,0.0,neutral,0
59UZ9grY7v0,8k se direct 0 Level😂😂,0,0,2026-03-25T14:41:46Z,8k se direct 0 level,0.0,neutral,0
59UZ9grY7v0,Golden Era of Udit Narayan ji & Alka Yagnik ❤️💖,6,0,2026-03-25T14:24:07Z,golden era of udit narayan ji alka yagnik,0.0,neutral,0
59UZ9grY7v0,8k video me upload kare please is video,1,0,2026-03-25T14:09:15Z,8k video me upload kare please is video,0.0,neutral,1
59UZ9grY7v0,Next song Dhanno from housefull 8k upload please T series,0,0,2026-03-25T13:54:20Z,next song dhanno from housefull 8k upload please t series,0.0,neutral,1
59UZ9grY7v0,4k ke mein kyun nahi bhai,0,1,2026-03-25T13:43:11Z,4k ke mein kyun nahi bhai,0.0,neutral,0
59UZ9grY7v0,"Garv Movie Song Upload 8K
T-Series",0,0,2026-03-25T13:38:31Z,garv movie song upload 8k t series,0.0,neutral,1
59UZ9grY7v0,"Mard Movie Song Upload 8K
T-Series",0,0,2026-03-25T13:38:11Z,mard movie song upload 8k t series,0.0,neutral,1
59UZ9grY7v0,"Tridev Movie Song Upload 8K 
T-Series",0,0,2026-03-25T13:37:09Z,tridev movie song upload 8k t series,0.0,neutral,1
59UZ9grY7v0,"Aakhree Raasta Movie Song Upload 8K
T-Series",0,0,2026-03-25T13:36:42Z,aakhree raasta movie song upload 8k t series,0.0,neutral,1
59UZ9grY7v0,Diljale movie songs please ❤❤,0,0,2026-03-25T13:34:29Z,diljale movie songs please,0.0,neutral,0
59UZ9grY7v0,8k,0,1,2026-03-25T12:38:51Z,8k,0.0,neutral,0
59UZ9grY7v0,Kyaa song hai sir ji 🙏🥰👌😎 naice govinda sir ji 🙏🥰 pranam sir ji 🙏,0,1,2026-03-25T11:31:20Z,kyaa song hai sir ji naice govinda sir ji pranam sir ji,0.0,neutral,0
59UZ9grY7v0,NEXT SONG:kar poon kamal [Full Song] Mhu jhse shaadi Karogi,0,0,2026-03-25T11:21:15Z,next song kar poon kamal full song mhu jhse shaadi karogi,0.0,neutral,1
59UZ9grY7v0,NEXT SONG:kar poon kamal [Full Song] Mhu jhse shaadi Karogi,0,0,2026-03-25T11:21:10Z,next song kar poon kamal full song mhu jhse shaadi karogi,0.0,neutral,1
59UZ9grY7v0,NEXT SONG:kar poon kamal [Full Song] Mhu jhse shaadi Karogi,0,0,2026-03-25T11:21:05Z,next song kar poon kamal full song mhu jhse shaadi karogi,0.0,neutral,1
59UZ9grY7v0,NEXT SONG:kar poon kamal [Full Song] Mhu jhse shaadi Karogi,0,0,2026-03-25T11:21:00Z,next song kar poon kamal full song mhu jhse shaadi karogi,0.0,neutral,1
59UZ9grY7v0,NEXT SONG:kar poon kamal [Full Song] Mhu jhse shaadi Karogi,0,0,2026-03-25T11:20:52Z,next song kar poon kamal full song mhu jhse shaadi karogi,0.0,neutral,1
59UZ9grY7v0,Alka Yagnik ji is melody ki mallika.,0,1,2026-03-25T11:16:12Z,alka yagnik ji is melody ki mallika,0.0,neutral,0
59UZ9grY7v0,Meri bua ki beti ka naam Sonali hain lekin hum usey pyar se Sona bulate hain.❤❤❤😊😊😊,1,2,2026-03-25T11:15:26Z,meri bua ki beti ka naam sonali hain lekin hum usey pyar se sona bulate hain,0.0,neutral,0
59UZ9grY7v0,Yaddgar lamha hota jab koi ladka medium height or ladki long height ki hoty hai a bollywood wale es chiz ka istemaal karne me bifal hai nahi to bhut sare yadgaar lamhe salo ne barbad kar di,0,0,2026-03-25T11:08:08Z,yaddgar lamha hota jab koi ladka medium height or ladki long height ki hoty hai a bollywood wale es chiz ka istemaal karne me bifal hai nahi to bhut sare yadgaar lamhe salo ne barbad kar di,-0.5,negative,1
59UZ9grY7v0,ilovesong,1,0,2026-03-25T10:44:19Z,ilovesong,0.5,positive,0
59UZ9grY7v0,8k dal dete aur maza aa jata,1,1,2026-03-25T10:42:30Z,8k dal dete aur maza aa jata,0.0,neutral,0
59UZ9grY7v0,8K main Kab aayega Yhe Song,2,2,2026-03-25T10:34:02Z,8k main kab aayega yhe song,0.0,neutral,0
Lu4cKA739ro,Die repeating the same things,0,0,2026-03-27T11:01:17Z,die repeating the same things,-0.5,negative,1
Lu4cKA739ro,Wow Mr India bachpan ki yaadgaar❤❤❤🥰 I Love My India🇮🇳👌👌👌👍,0,0,2026-03-26T22:31:38Z,wow mr india bachpan ki yaadgaar i love my india,0.5,positive,1
Lu4cKA739ro,Evergreen Song❤❤,0,0,2026-03-26T16:10:16Z,evergreen song,0.0,neutral,0
Lu4cKA739ro,Very Very nice song 😍😍👏👏,0,0,2026-03-26T15:00:51Z,very very nice song,0.5,positive,0
Lu4cKA739ro,Very nice ❤😍,1,0,2026-03-26T08:57:06Z,very nice,0.5,positive,0
Lu4cKA739ro,Mast gana hai❤,0,0,2026-03-26T02:46:24Z,mast gana hai,0.0,neutral,0
Lu4cKA739ro,Sound quality best hai sir ji mind-blowing quality,1,0,2026-03-25T19:39:30Z,sound quality best hai sir ji mind blowing quality,0.5,positive,0
Lu4cKA739ro,"But West Indies Won and Won 2 Times
Prudential Cup 
Back 2 Back
😭😆😆😀😃😄😅😂🤣😁😁🤣😂😅😭😆😀😃",0,0,2026-03-25T18:30:30Z,but west indies won and won 2 times prudential cup back 2 back,0.0,neutral,0
Lu4cKA739ro,"Zoo
Zoo
Zoo
Zoo
Zoo",0,0,2026-03-25T18:29:36Z,zoo zoo zoo zoo zoo,0.0,neutral,0
Lu4cKA739ro,"T series Thanks Uploaded 🎵Song Indian🇮🇳 Cinemas History of Bollywood movie and Song Evergreen Best likely🎵💚💚🤣 School time Vacation 1⃣9⃣8⃣7⃣, Years Watch First🥇 day First🥇 Show Shree Cinemas Ahmedabad Good My Amazing Correct Older Memories",0,0,2026-03-25T17:32:29Z,t series thanks uploaded song indian cinemas history of bollywood movie and song evergreen best likely school time vacation 1 9 8 7 years watch first day first show shree cinemas ahmedabad good my amazing correct older memories,0.5,positive,1
Lu4cKA739ro,Nice song,0,0,2026-03-25T17:09:37Z,nice song,0.5,positive,0
Lu4cKA739ro,Doordarshan par bachpan mein MR.INDIA (1987)🎥🍿 dekh kar bahut khusi milti thi..jiska koi mol 💰 nahi tha.. CHILDHOOD MEMORIES (89BORN)🌹✍️,13,2,2026-03-25T11:52:55Z,doordarshan par bachpan mein mr india 1987 dekh kar bahut khusi milti thi jiska koi mol nahi tha childhood memories 89born,0.0,neutral,0
Lu4cKA739ro,😂kp1423 love you 😂💚🏡💚🌄🥭👍😂🌎🇮🇳,0,0,2026-03-25T11:49:50Z,kp1423 love you,0.5,positive,0
Lu4cKA739ro,My favourite song❤❤,0,0,2026-03-25T11:31:30Z,my favourite song,0.0,neutral,0
Lu4cKA739ro,Himesh Reshmiya Tanhaiyan song,0,0,2026-03-25T09:40:51Z,himesh reshmiya tanhaiyan song,0.0,neutral,0
Lu4cKA739ro,Plz upload bichoo 8k video jukebox,1,0,2026-03-25T09:00:34Z,plz upload bichoo 8k video jukebox,0.0,neutral,1
Lu4cKA739ro,Gurudev ki jai ho 🎵🎶🎼🎶🎵🎵🎶🎼🎵🎶💜♥️♥️❤️💕❤️♥️💜💜❤️❤️🙏🙏🙏🙏🙏🙏🙏🙏🙏🙏🙏,0,0,2026-03-25T08:54:27Z,gurudev ki jai ho,0.0,neutral,0
Lu4cKA739ro,Mr. India All Song please,2,0,2026-03-25T08:45:54Z,mr india all song please,0.0,neutral,0
Lu4cKA739ro,Super 👌,0,0,2026-03-25T08:45:08Z,super,0.0,neutral,0
Lu4cKA739ro,2030❤❤❤🎉,0,0,2026-03-25T07:31:55Z,2030,0.0,neutral,0
Lu4cKA739ro,Very nice song lyrics singing Amezing Music 🎵🎶 Sangit Atiutm,0,0,2026-03-25T06:54:50Z,very nice song lyrics singing amezing music sangit atiutm,0.5,positive,0
Lu4cKA739ro,All time favourite song ❤❤,2,0,2026-03-25T06:29:46Z,all time favourite song,0.0,neutral,0
Lu4cKA739ro,Garv (2004) Movie Hum Tumko Nigahon Mein Video Song Upload In 8k Please,1,0,2026-03-25T06:08:34Z,garv 2004 movie hum tumko nigahon mein video song upload in 8k please,0.0,neutral,1
Lu4cKA739ro,"Garv Movie
Hum Tumko Nigahon Mein Song Upload 8K❤️
T-Series🙏",0,0,2026-03-25T06:03:48Z,garv movie hum tumko nigahon mein song upload 8k t series,0.0,neutral,1
Lu4cKA739ro,Damm song 💥,2,0,2026-03-25T06:03:15Z,damm song,0.0,neutral,0
Lu4cKA739ro,"Tridev Movie All Song Upload 8K❤
T-Series",0,0,2026-03-25T06:02:01Z,tridev movie all song upload 8k t series,0.0,neutral,1
Lu4cKA739ro,Gham Ka Baadal Jo Chaye To Hum Muskurate Rahe Apni Aankhon Mein Aashaon Ke Geet Jalate Rahe Aaj Bigde To Kal Phir Bane Aaj Rothe Kal Phir Manne Waqt Bhi Jesy Ik Meet Hai Zindagi Ki Yahi Reet Hai  Haar Ke Baad Hi Jeet Hai Heart Touching Line ❤❤❤❤❤❤❤❤,4,0,2026-03-25T05:47:11Z,gham ka baadal jo chaye to hum muskurate rahe apni aankhon mein aashaon ke geet jalate rahe aaj bigde to kal phir bane aaj rothe kal phir manne waqt bhi jesy ik meet hai zindagi ki yahi reet hai haar ke baad hi jeet hai heart touching line,0.0,neutral,1
Lu4cKA739ro,Koi Kahe Kehta Rahe - Dil Chahta Hai 8K video please,0,0,2026-03-25T05:36:36Z,koi kahe kehta rahe dil chahta hai 8k video please,0.0,neutral,0
Lu4cKA739ro,Jate ho pardesh piya,0,0,2026-03-25T05:35:25Z,jate ho pardesh piya,0.0,neutral,0
Lu4cKA739ro,Saugandh Movie Song Upload 8K❤,0,0,2026-03-25T05:33:39Z,saugandh movie song upload 8k,0.0,neutral,1
Lu4cKA739ro,"Mard Movie Song Upload 8K❤
T-Series🙏",1,0,2026-03-25T05:32:57Z,mard movie song upload 8k t series,0.0,neutral,1
Lu4cKA739ro,Aakhree Raasta Song Upload 8K❤,1,0,2026-03-25T05:32:30Z,aakhree raasta song upload 8k,0.0,neutral,1
Lu4cKA739ro,"Thanks T-Series🙏
Mr.India Song Upload 8K❤",10,0,2026-03-25T05:32:06Z,thanks t series mr india song upload 8k,0.0,neutral,1
Lu4cKA739ro,Chal mere bhai and Dhai akshar prem ke movie songs upload please,8,2,2026-03-25T05:31:23Z,chal mere bhai and dhai akshar prem ke movie songs upload please,0.0,neutral,1
IWuLlOOTr_s,"FILMING LOCATIONS
0:01 Grace Episcopal Church , Bronx NYC
0:09 DUMBO Archway Plaza , Dumbo Brooklyn NYC . Camera faces northwest overlooking Manhattan Bridge
0:44 Adams Street Library , Brooklyn, NYC . Just a block north , Manhattahn Bridge can be seen again . Building between Adams , John , Pearl and Plymouth Streets camera facing west .
1:08 camera pans nort to west Brooklyn Bridge can be seen lower Manhattan in the distance . They are in the northwest corner of the loft possibly third of fourth floor . Adams and John .  
1:32 601 4th , San Francisco, CA , Camera facing southwest down Bluxome Street . Bluxome and 4th . Part of AMCO Building can be seen .
1:44 201 W 83rd St , Upper West Side , Manhattan NYC
2:09 Wollman Ice Rink , Central Park Manhattan . The iconic Plaza Hotel from Home Alone 2 can be seen behind him at 2:10
2:56 5th Avenue between 43rd and 44th Streets , Midtown Manhattan . Camera faces east .
2:52 I am 90% sure this is Grand Army Plaza , Manhattan . The southeast corner of Central Park .",1,0,2026-03-25T19:46:49Z,filming locations 0 01 grace episcopal church bronx nyc 0 09 dumbo archway plaza dumbo brooklyn nyc camera faces northwest overlooking manhattan bridge 0 44 adams street library brooklyn nyc just a block north manhattahn bridge can be seen again building between adams john pearl and plymouth streets camera facing west 1 08 camera pans nort to west brooklyn bridge can be seen lower manhattan in the distance they are in the northwest corner of the loft possibly third of fourth floor adams and john 1 32 601 4th san francisco ca camera facing southwest down bluxome street bluxome and 4th part of amco building can be seen 1 44 201 w 83rd st upper west side manhattan nyc 2 09 wollman ice rink central park manhattan the iconic plaza hotel from home alone 2 can be seen behind him at 2 10 2 56 5th avenue between 43rd and 44th streets midtown manhattan camera faces east 2 52 i am 90 sure this is grand army plaza manhattan the southeast corner of central park,0.0,neutral,1
IWuLlOOTr_s,Tujhe bhula diya please,0,0,2026-03-25T16:24:25Z,tujhe bhula diya please,0.0,neutral,0
IWuLlOOTr_s,"11,333 views now - 301 number like",0,0,2026-03-25T00:40:27Z,11 333 views now 301 number like,0.0,neutral,0
IWuLlOOTr_s,This movie helped me in getting better during the depression phase in my life,1,1,2026-03-24T22:40:16Z,this movie helped me in getting better during the depression phase in my life,0.0,neutral,0
IWuLlOOTr_s,Besharmi ki hight 8k me upload kro please,0,0,2026-03-24T17:34:51Z,besharmi ki hight 8k me upload kro please,0.0,neutral,1
IWuLlOOTr_s,Again Pakistani singer 😡😡😡😡😡,1,0,2026-03-24T15:44:45Z,again pakistani singer,0.0,neutral,0
IWuLlOOTr_s,Pranam sir ji 🙏🥰,3,0,2026-03-24T14:20:17Z,pranam sir ji,0.0,neutral,0
IWuLlOOTr_s,New York Movie Ka Tune Jo Na Kaha Song 8k Video Upload Karo please 🙏🏻,1,1,2026-03-24T14:16:08Z,new york movie ka tune jo na kaha song 8k video upload karo please,0.0,neutral,1
IWuLlOOTr_s,"Ya Khuda Plz Apni Ma Xuda.....
Ya Allah Kata gaya Lulla",0,0,2026-03-24T13:58:51Z,ya khuda plz apni ma xuda ya allah kata gaya lulla,0.0,neutral,0
IWuLlOOTr_s,Nice,4,0,2026-03-24T13:34:21Z,nice,0.5,positive,0
IWuLlOOTr_s,"So it's always like the oldest comments get huge likes, let's see how many I'll get. 😅",3,0,2026-03-24T13:33:47Z,so it s always like the oldest comments get huge likes let s see how many i ll get,0.0,neutral,0
IWuLlOOTr_s,Well I made it. First view and comment on a major T-Series song,4,2,2026-03-24T13:32:33Z,well i made it first view and comment on a major t series song,0.0,neutral,1
nIoJMwAf_mQ,Jaate ho pardesh piya..8k..,0,0,2026-03-26T14:44:56Z,jaate ho pardesh piya 8k,0.0,neutral,0
nIoJMwAf_mQ,Himesh ke all upload plz,0,0,2026-03-25T07:24:45Z,himesh ke all upload plz,0.0,neutral,1
nIoJMwAf_mQ,super song,0,0,2026-03-24T18:24:11Z,super song,0.0,neutral,0
nIoJMwAf_mQ,1 number boss love you ❤❤,0,0,2026-03-24T16:03:41Z,1 number boss love you,0.5,positive,0
nIoJMwAf_mQ,Nice song,0,0,2026-03-24T15:07:41Z,nice song,0.5,positive,0
nIoJMwAf_mQ,T-series love you all song upload  8k 60fps HDR video please..... 🙏🏻🙏🏻🙏🏻,0,0,2026-03-24T12:49:10Z,t series love you all song upload 8k 60fps hdr video please,0.5,positive,1
nIoJMwAf_mQ,All songs are good❤,0,0,2026-03-24T11:57:37Z,all songs are good,0.5,positive,0
nIoJMwAf_mQ,"Please, upload ""DARAAR"" film songs🙏🙏🙏🙏🙏🙏🙏🙏🙏",0,0,2026-03-24T10:26:58Z,please upload daraar film songs,0.0,neutral,1
nIoJMwAf_mQ,Love you song 💞 bhai 🥰,1,0,2026-03-24T10:23:45Z,love you song bhai,0.5,positive,0
nIoJMwAf_mQ,Naice song 🥰 sir ji,1,0,2026-03-24T10:23:17Z,naice song sir ji,0.0,neutral,0
nIoJMwAf_mQ,My all time favourite song,1,0,2026-03-24T10:15:33Z,my all time favourite song,0.0,neutral,0
nIoJMwAf_mQ,Please upload movie songs of mard Amitabh Bachchan 1985  4k 🙏🙏🙏,0,0,2026-03-24T09:14:44Z,please upload movie songs of mard amitabh bachchan 1985 4k,0.0,neutral,1
nIoJMwAf_mQ,Lal Duppta & Phir Lahraya Lal Duppta Mal Mal Ka & Aayi Milan Ki Rat All song Upload Please Sir,1,0,2026-03-24T09:11:28Z,lal duppta phir lahraya lal duppta mal mal ka aayi milan ki rat all song upload please sir,0.0,neutral,1
nIoJMwAf_mQ,Kya karte thay sajna (Laal dupatta) please upload 8k 60fps,2,0,2026-03-24T09:09:38Z,kya karte thay sajna laal dupatta please upload 8k 60fps,0.0,neutral,1
nIoJMwAf_mQ,This Movie All song PLEASE Upload,0,0,2026-03-24T09:08:31Z,this movie all song please upload,0.0,neutral,1
nIoJMwAf_mQ,Wah ♥️ Super,0,0,2026-03-24T09:06:40Z,wah super,0.0,neutral,0
nIoJMwAf_mQ,90s hits ❤,1,0,2026-03-24T07:14:09Z,90s hits,0.0,neutral,0
nIoJMwAf_mQ,Song 8k banne ke kaabil nahi hai phir quality ko  chwingum ki tarah khench ke 8k kyon bna rhe ho 😂😂,2,0,2026-03-24T07:10:04Z,song 8k banne ke kaabil nahi hai phir quality ko chwingum ki tarah khench ke 8k kyon bna rhe ho,0.0,neutral,0
nIoJMwAf_mQ,Mr. India All Song Upload 8K❤,0,0,2026-03-24T06:11:25Z,mr india all song upload 8k,0.0,neutral,1
nIoJMwAf_mQ,Please Upload Aakhree Raasta Movie Song 8K❤,0,0,2026-03-24T06:09:51Z,please upload aakhree raasta movie song 8k,0.0,neutral,1
nIoJMwAf_mQ,[Salman khan] Sajan Tumse Pyaar ki Ladai Mein Song 8k Upload Karo Please Sir,1,0,2026-03-24T05:49:46Z,salman khan sajan tumse pyaar ki ladai mein song 8k upload karo please sir,0.0,neutral,1
nIoJMwAf_mQ,[Salman khan] Sajan Tumse Pyaar ki Ladai Mein Song 8k Upload Karo Please Sir,2,0,2026-03-24T05:49:23Z,salman khan sajan tumse pyaar ki ladai mein song 8k upload karo please sir,0.0,neutral,1
nIoJMwAf_mQ,Chiggy wiggy Blue movie 8k song update kijiye,5,1,2026-03-24T05:34:53Z,chiggy wiggy blue movie 8k song update kijiye,0.0,neutral,0
gSvAoGZj4Fw,Kab milogi,0,0,2026-03-26T16:44:44Z,kab milogi,0.0,neutral,0
gSvAoGZj4Fw,Milana hai,0,0,2026-03-26T16:44:27Z,milana hai,0.0,neutral,0
gSvAoGZj4Fw,❤l love 💕 you,0,0,2026-03-26T16:44:08Z,l love you,0.5,positive,0
gSvAoGZj4Fw,kal maine khuli aankh se ek sapana dekha 8k video song upload please 🙏,0,0,2026-03-25T11:10:14Z,kal maine khuli aankh se ek sapana dekha 8k video song upload please,0.0,neutral,1
gSvAoGZj4Fw,I milan kinraat or meets ka mohan ke 4k songs dalo,0,0,2026-03-24T16:25:18Z,i milan kinraat or meets ka mohan ke 4k songs dalo,0.0,neutral,0
gSvAoGZj4Fw,T-series love you all song upload  8k 60fps HDR video please.....,1,0,2026-03-24T12:51:50Z,t series love you all song upload 8k 60fps hdr video please,0.5,positive,1
gSvAoGZj4Fw,Nice song,0,0,2026-03-24T08:00:49Z,nice song,0.5,positive,0
gSvAoGZj4Fw,Hello jee agar yeh songs Udit Narayan gaate to bahut accha hota is songs ko re release  karna chiya jee,0,0,2026-03-24T07:10:04Z,hello jee agar yeh songs udit narayan gaate to bahut accha hota is songs ko re release karna chiya jee,0.0,neutral,0
gSvAoGZj4Fw,Haan Meine Bhi Pyaar Kiya hai Movie Ka Sabhi Song 8k Upload Karo,1,0,2026-03-24T04:01:36Z,haan meine bhi pyaar kiya hai movie ka sabhi song 8k upload karo,0.0,neutral,1
gSvAoGZj4Fw,please upload bewafa sanam all 8k song,0,0,2026-03-24T01:22:00Z,please upload bewafa sanam all 8k song,0.0,neutral,1
gSvAoGZj4Fw,please upload bewafa sanam all 8k song,1,0,2026-03-24T01:21:46Z,please upload bewafa sanam all 8k song,0.0,neutral,1
gSvAoGZj4Fw,please upload bewafa sanam all 8k song,0,0,2026-03-24T01:21:35Z,please upload bewafa sanam all 8k song,0.0,neutral,1
gSvAoGZj4Fw,please upload bewafa sanam all 8k song,0,0,2026-03-24T01:21:26Z,please upload bewafa sanam all 8k song,0.0,neutral,1
gSvAoGZj4Fw,please upload bewafa sanam all 8k song,0,0,2026-03-24T01:21:16Z,please upload bewafa sanam all 8k song,0.0,neutral,1
gSvAoGZj4Fw,please upload bewafa sanam all 8k song,0,0,2026-03-24T01:21:04Z,please upload bewafa sanam all 8k song,0.0,neutral,1
gSvAoGZj4Fw,Thanks for the upload of this beautiful song,2,0,2026-03-24T00:28:52Z,thanks for the upload of this beautiful song,0.0,neutral,1
gSvAoGZj4Fw,Coolie no1 ke gane 8k me banao uske superhit gane kaise bhul gaye ❓,0,0,2026-03-23T22:54:27Z,coolie no1 ke gane 8k me banao uske superhit gane kaise bhul gaye,0.0,neutral,0
gSvAoGZj4Fw,i like Raveena 👍👍😍❤️🌹🌹🌹,1,0,2026-03-23T22:31:00Z,i like raveena,0.0,neutral,0
gSvAoGZj4Fw,kash yhe song Kumar sanu ne gaya hta to aj yhe song blockbuster hta,1,0,2026-03-23T18:28:31Z,kash yhe song kumar sanu ne gaya hta to aj yhe song blockbuster hta,0.0,neutral,0
gSvAoGZj4Fw,Har🎉 Har 🎉 shivshambhu🎉mahadev mahakal bholenath🎉❤,3,0,2026-03-23T17:26:20Z,har har shivshambhu mahadev mahakal bholenath,0.0,neutral,1
gSvAoGZj4Fw,Please upload Aayee milan ki raat   movie songs ❤❤❤❤❤,2,0,2026-03-23T17:09:02Z,please upload aayee milan ki raat movie songs,0.0,neutral,1
gSvAoGZj4Fw,Kya Gana hai Lajawab sunkar tabiyat mast ho jata hai,2,0,2026-03-23T17:08:28Z,kya gana hai lajawab sunkar tabiyat mast ho jata hai,0.0,neutral,0
gSvAoGZj4Fw,Happy new year movie songs upload please 😊,1,0,2026-03-23T16:32:24Z,happy new year movie songs upload please,0.0,neutral,1
gSvAoGZj4Fw,All songsssssss.....8K🙏🙏🙏❤❤❤💯💯💯,1,0,2026-03-23T15:23:00Z,all songsssssss 8k,0.0,neutral,0
gSvAoGZj4Fw,Chal mere bhai movie songs upload please,1,0,2026-03-23T14:29:02Z,chal mere bhai movie songs upload please,0.0,neutral,1
gSvAoGZj4Fw,"WHO IS KILLER
SRI GULSHAN KUMAR JI🗿
WHERE IS KILLER
MUMBAI DUBAI KARACHI LONDON
WHY KILLED",2,0,2026-03-23T14:14:10Z,who is killer sri gulshan kumar ji where is killer mumbai dubai karachi london why killed,0.0,neutral,0
gSvAoGZj4Fw,Nice song,0,0,2026-03-23T14:02:25Z,nice song,0.5,positive,0
gSvAoGZj4Fw,Nice movie hai ☺️☺️,2,0,2026-03-23T13:36:19Z,nice movie hai,0.5,positive,0
gSvAoGZj4Fw,Thanks sir ji.... Saazish movie ke song bhi dalna 8k mein,2,2,2026-03-23T13:36:16Z,thanks sir ji saazish movie ke song bhi dalna 8k mein,0.0,neutral,0
f0op3tiD0QA,Kisana kifer destin ibadaat pa bizin fer,0,0,2026-03-27T02:50:05Z,kisana kifer destin ibadaat pa bizin fer,-0.5,negative,1
f0op3tiD0QA,Pou vive,0,0,2026-03-27T02:48:25Z,pou vive,0.0,neutral,0
f0op3tiD0QA,All song from this movie 8k please,0,0,2026-03-26T02:00:35Z,all song from this movie 8k please,0.0,neutral,0
f0op3tiD0QA,Such a beautiful song sadly very poor quality 😥,0,0,2026-03-25T20:24:57Z,such a beautiful song sadly very poor quality,0.0,neutral,1
f0op3tiD0QA,Kal maine khuli aankh se ek sapana dekha 8k video song upload,2,0,2026-03-25T11:08:58Z,kal maine khuli aankh se ek sapana dekha 8k video song upload,0.0,neutral,1
f0op3tiD0QA,Divya Shakti movie ka all video 8k mein banaaiye,0,0,2026-03-25T04:52:17Z,divya shakti movie ka all video 8k mein banaaiye,0.0,neutral,0
f0op3tiD0QA,My favourite song,0,0,2026-03-24T14:25:28Z,my favourite song,0.0,neutral,0
f0op3tiD0QA,Mujhe to isme ye suna...e shambhu baba mere bholenath...yahi dhun usme hai,2,0,2026-03-24T05:32:20Z,mujhe to isme ye suna e shambhu baba mere bholenath yahi dhun usme hai,0.0,neutral,0
f0op3tiD0QA,kash yhe song Kumar sanu ne gaya hta to aj blockbuster hta😢,0,0,2026-03-23T18:24:22Z,kash yhe song kumar sanu ne gaya hta to aj blockbuster hta,0.0,neutral,0
f0op3tiD0QA,Aarey humne kuch nahi kiya😮yeh to inke naseb ka khel ho gaya😮😢 inki to takdir toth gayi😮😢lutt putt gaya😢😮 barbad ho gaya😢😮😂😮😅😊😅😊😊❤🎉,0,0,2026-03-23T17:39:07Z,aarey humne kuch nahi kiya yeh to inke naseb ka khel ho gaya inki to takdir toth gayi lutt putt gaya barbad ho gaya,-0.5,negative,1
f0op3tiD0QA,Ye toh bhajan bhi he shivshankar or ye toh song bhi hai bollywood main,0,0,2026-03-23T14:11:53Z,ye toh bhajan bhi he shivshankar or ye toh song bhi hai bollywood main,0.0,neutral,0
f0op3tiD0QA,Ye hain gaane only  90.s,0,0,2026-03-23T13:23:37Z,ye hain gaane only 90 s,0.0,neutral,0
f0op3tiD0QA,[Shaid Kapoor] Aisa Dewanna Song 8k Upload Karo Please Sir,1,0,2026-03-23T12:48:16Z,shaid kapoor aisa dewanna song 8k upload karo please sir,0.0,neutral,1
f0op3tiD0QA,Aisa Deewana Himesh Reasmmiya Song 8k Upload Karo Please Sir,0,0,2026-03-23T12:47:00Z,aisa deewana himesh reasmmiya song 8k upload karo please sir,0.0,neutral,1
f0op3tiD0QA,Aisa Dewanna Song 8k Upload Karo Please Sir,1,0,2026-03-23T12:46:28Z,aisa dewanna song 8k upload karo please sir,0.0,neutral,1
f0op3tiD0QA,Fir se yaad dila diya tune 😢😢,2,0,2026-03-23T11:37:10Z,fir se yaad dila diya tune,0.0,neutral,1
f0op3tiD0QA,"O Bhai saab😢
Oscar winning song ❤❤❤❤❤",0,0,2026-03-23T11:34:59Z,o bhai saab oscar winning song,0.0,neutral,0
f0op3tiD0QA,hey sambhu baba mere bhole nath  maine to yahi suna tha abhi tak,1,0,2026-03-23T09:36:26Z,hey sambhu baba mere bhole nath maine to yahi suna tha abhi tak,0.0,neutral,0
f0op3tiD0QA,Anuradha Paudwal ❤❤❤,4,0,2026-03-23T09:36:20Z,anuradha paudwal,0.0,neutral,1
f0op3tiD0QA,Junoon Movie all songs 8k mein upload kare plss,3,0,2026-03-23T09:15:57Z,junoon movie all songs 8k mein upload kare plss,0.0,neutral,1
f0op3tiD0QA,Chand samne hai 8k song please,1,0,2026-03-23T08:16:38Z,chand samne hai 8k song please,0.0,neutral,0
f0op3tiD0QA,Old is Gold 🪙🥇 1:37,0,0,2026-03-23T07:45:49Z,old is gold 1 37,0.0,neutral,0
f0op3tiD0QA,Please release a 4k Version of the song Mehbooba (Full Song) Film - Aap Kaa Surroor - The Movie - The Real Luv Story,1,0,2026-03-23T07:45:05Z,please release a 4k version of the song mehbooba full song film aap kaa surroor the movie the real luv story,0.0,neutral,0
f0op3tiD0QA,Ye Dil Aashiqana 4k HD movie upload please sir,2,0,2026-03-23T07:12:12Z,ye dil aashiqana 4k hd movie upload please sir,0.0,neutral,1
f0op3tiD0QA,Very good 💯😢😢😢😢,1,0,2026-03-23T07:08:07Z,very good,0.5,positive,0
f0op3tiD0QA,Sir Isee movie ka ek aur song dalo 8k mein Dil Ek Mandir Pyar Hai Pooja please,1,0,2026-03-23T06:58:41Z,sir isee movie ka ek aur song dalo 8k mein dil ek mandir pyar hai pooja please,0.0,neutral,0
f0op3tiD0QA,[Muskaan movie] Woh Ho Tum Song 8k Upload Karo Please Sir,1,0,2026-03-23T05:47:20Z,muskaan movie woh ho tum song 8k upload karo please sir,0.0,neutral,1
f0op3tiD0QA,[Muskaan movie] Woh Ho Tum Song 8k Upload Karo Please Sir,1,0,2026-03-23T05:46:47Z,muskaan movie woh ho tum song 8k upload karo please sir,0.0,neutral,1
f0op3tiD0QA,[Muskaan movie] Woh Ho Tum Song 8k Upload Karo Please Sir,1,0,2026-03-23T05:46:13Z,muskaan movie woh ho tum song 8k upload karo please sir,0.0,neutral,1
f0op3tiD0QA,[Salman khan]  Sajan Tumse Pyaar ki Ladai Mein Song 8k Upload Karo Please Sir,1,0,2026-03-23T05:43:05Z,salman khan sajan tumse pyaar ki ladai mein song 8k upload karo please sir,0.0,neutral,1
f0op3tiD0QA,[Salman khan] Sajan Tumse Pyaar ki Ladai Mein Song 8k Upload Karo Please Sir,1,0,2026-03-23T05:42:35Z,salman khan sajan tumse pyaar ki ladai mein song 8k upload karo please sir,0.0,neutral,1
f0op3tiD0QA,[Salman khan] Sajan Tumse Pyaar ki Ladai Mein Song 8k Upload Karo Please Sir,1,0,2026-03-23T05:42:03Z,salman khan sajan tumse pyaar ki ladai mein song 8k upload karo please sir,0.0,neutral,1
f0op3tiD0QA,10+milian ❤❤,1,0,2026-03-23T05:40:52Z,10 milian,0.0,neutral,0
f0op3tiD0QA,[Grav Movie] Hum Tumko nagioon Meain Song 8k Upload Karo Please Sir,1,0,2026-03-23T05:39:16Z,grav movie hum tumko nagioon meain song 8k upload karo please sir,0.0,neutral,1
f0op3tiD0QA,[Grav Movie] Hum Tumko nagioon Meain Song 8k Upload Karo Please Sir,1,0,2026-03-23T05:39:08Z,grav movie hum tumko nagioon meain song 8k upload karo please sir,0.0,neutral,1
f0op3tiD0QA,[Garv Movie]  Hum Tumko nagioon Meain Song 8k Upload Karo Please Sir,1,0,2026-03-23T05:38:40Z,garv movie hum tumko nagioon meain song 8k upload karo please sir,0.0,neutral,1
f0op3tiD0QA,[Garv Movie] Hum Tumko nagioon Meain Song 8k Upload Karo Please Sir,1,0,2026-03-23T05:38:06Z,garv movie hum tumko nagioon meain song 8k upload karo please sir,0.0,neutral,1
f0op3tiD0QA,[Karazzz Movie] Hari om Hari om Himesh Reasmmiya Song 8k Upload Karo Please Sir,0,0,2026-03-23T05:37:09Z,karazzz movie hari om hari om himesh reasmmiya song 8k upload karo please sir,0.0,neutral,1
f0op3tiD0QA,[Karazzz Movie] Hari om Hari om Himesh Reasmmiya Song 8k Upload Karo Please Sir,0,0,2026-03-23T05:36:24Z,karazzz movie hari om hari om himesh reasmmiya song 8k upload karo please sir,0.0,neutral,1
f0op3tiD0QA,[Karazzz Movie] Hari om Hari om Himesh Reasmmiya Song 8k Upload Karo Please Sir,0,0,2026-03-23T05:35:58Z,karazzz movie hari om hari om himesh reasmmiya song 8k upload karo please sir,0.0,neutral,1
f0op3tiD0QA,Daag The Fire Movie All Video Song Upload Please,3,0,2026-03-23T05:34:30Z,daag the fire movie all video song upload please,0.0,neutral,1
f0op3tiD0QA,"Kya song daala  re wapas ham log ko 90 mein le chala gaya t series tera dil se shukriya , jaise gana wapas laya kya zamana wapas laa sakta ? Chalo kam se kam us zamane ka ehsaas to karaya ❤",6,1,2026-03-23T05:34:10Z,kya song daala re wapas ham log ko 90 mein le chala gaya t series tera dil se shukriya jaise gana wapas laya kya zamana wapas laa sakta chalo kam se kam us zamane ka ehsaas to karaya,0.0,neutral,0
f0op3tiD0QA,Old is gold❤,0,0,2026-03-23T05:32:02Z,old is gold,0.0,neutral,0
BypJY7vpSmk,Nice song,0,0,2026-03-26T15:07:42Z,nice song,0.5,positive,0
BypJY7vpSmk,Naice song 🥰👌😎💐🫲,0,0,2026-03-24T14:25:33Z,naice song,0.0,neutral,0
BypJY7vpSmk,Excellent🩷💕🩷💕🩷💕🩷💕🩷💕🌏🎸,1,0,2026-03-22T18:07:38Z,excellent,0.5,positive,0
BypJY7vpSmk,Dhanno song housefull 8k please t series,1,0,2026-03-22T17:53:20Z,dhanno song housefull 8k please t series,0.0,neutral,0
BypJY7vpSmk,My all time favorite song ever ❤️U from 🇧🇩 22-03-2026.,3,0,2026-03-22T16:20:41Z,my all time favorite song ever u from 22 03 2026,0.0,neutral,0
BypJY7vpSmk,"Pls flow me,,,🥰",2,0,2026-03-22T15:01:06Z,pls flow me,0.0,neutral,0
BypJY7vpSmk,Gp love you too my sweet home ❤️🏡🏡🏡🏡🏡🏡🏡🏡🏡🏡🏡🏡🏡🏡🏡🏡🏡🏡🏡🏡🏡🏡🏡🏡🏡🏡🏡🏡🏡🏡🏡🏡🏡🏡🏡🏡🏡 gp gp gp gp,0,0,2026-03-22T14:24:14Z,gp love you too my sweet home gp gp gp gp,0.5,positive,0
BypJY7vpSmk,Lovely song 🎵 ❤️ ❤❤❤,2,0,2026-03-22T14:06:38Z,lovely song,0.5,positive,0
BypJY7vpSmk,🫵👉💝👌🎉😊❤👌👍 I don't mind you okay just wait. Ok,1,0,2026-03-22T13:56:04Z,i don t mind you okay just wait ok,0.0,neutral,0
BypJY7vpSmk,🫵🫰👉💝🥰🍏🤩🫶✌️🥬✊🍏🍫👌👉💪🌚🕐🚣‍♂️👌👍💯😍😊👉🤣 yahan se Humne bhi bahut Kuchh Sikha hai Jahan Sahi Shuru kiya tha Safar Hamara Bade Bhaiya ka baten Mujhe Bahut Sare pata hai mobile chalana Humne Sikhaya tha pahle Ek Chhota mobile tha Samsung ka FIR uska bad Bada mobile Likhit Diya FIR bahut Kuchh Sikha hai enjoy karna aur pahle bahut injoy Karte The aisi baten hai kya धीरे-धीरे bataenge कुछ-कुछ baten samajhdar Kosi bhai. Ok👉🤣👌🤭👉🫂🥂👌 2:51 Agar bataenge to sunkar hairan Ho jaaoge. Ok,1,0,2026-03-22T13:55:20Z,yahan se humne bhi bahut kuchh sikha hai jahan sahi shuru kiya tha safar hamara bade bhaiya ka baten mujhe bahut sare pata hai mobile chalana humne sikhaya tha pahle ek chhota mobile tha samsung ka fir uska bad bada mobile likhit diya fir bahut kuchh sikha hai enjoy karna aur pahle bahut injoy karte the aisi baten hai kya bataenge baten samajhdar kosi bhai ok 2 51 agar bataenge to sunkar hairan ho jaaoge ok,0.0,neutral,1
BypJY7vpSmk,Old is gold❤,2,0,2026-03-22T13:38:23Z,old is gold,0.0,neutral,0
BypJY7vpSmk,Very good song❤❤,7,0,2026-03-22T13:31:41Z,very good song,0.5,positive,0
BypJY7vpSmk,Nice song,3,0,2026-03-22T13:31:28Z,nice song,0.5,positive,0
